Ywhab	Q9CQV8
Ywhae	P62259
Ywhah	P68510
Ywhag	P61982
Sfn	O70456
Ywhaq	P68254
Ywhaz	P63101
Ppp2r5a	Q6PD03
Ppp2r5e	Q61151
Ppp2r5c	Q60996
Ppp2r1a	Q76MZ3
Ppp2r2a	Q6P1F6
Hsd3b1	P24815
Eif4ebp1	Q60876
Eif4ebp2	P70445
Bzw2	Q91VK1
Bzw1	Q9CQC6
Nt5c3a	Q9D020
Nt5c3b	Q3UFY7
Nt5c2	Q3V1L4
Nt5e	Q61503
Pgd	Q9DCD0
Pgls	Q9CQ60
Atg16l1	Q8C0J2
Orm1	Q60590
Orm3	Q63805
Serpina1a	P07758
Serpina1b	P22599
Serpina1d	Q00897
Serpina1e	Q00898
A1bg	Q19LI2
Serpinf2	Q61247
A2m	Q6GQT1
Aacs	Q9D2R0
Aak1	Q3UHJ0
Prkab1	Q9R078
Prkag1	O54950
Aamdc	Q8R0P4
Prkaa1	Q5EG47
Aarsd1	Q3THG9
Got1	P05201
Got2	P05202
Abca9	Q8K449
Abce1	P61222
Abcf1	Q6P542
Abhd12	Q99LR1
Apobec2	Q9WV35
Abi1	Q8CBW3
Abitram	Q80ZQ9
Abracl	Q4KML4
Abraxas2	Q3TCJ1
Acaca	Q5SWU9
Acacb	E9Q4Z2
Acadm	P45952
Acap2	Q6ZQK5
Dbi	P31786
Ace	P09470
Actl6a	Q9Z2N8
Aco1	P28271
Aco2	Q99KI0
Acot1	O55137
Apeh	Q8R146
Acrbp	Q3V140
Acr	P23578
Acsl4	Q9QUJ7
Acta2	P62737
Actbl2	Q8BFZ3
Actb	P60710
Actc1	P68033
Actg1	P63260
Actn1	Q7TPR4
Actn4	P57780
Actr1b	Q8R5C5
Actr1a	P61164
Acy3	Q91XE4
Acyp2	P56375
Adat2	Q6P6J0
Adat3	Q6PAT0
Ada	P03958
Add1	Q9QYC0
Add3	Q9QYB5
Adh1	P00329
Adh5	P28474
Adipoq	Q60994
Adk	P55264
Adprh	P54923
Adprs	Q8CG72
Adrm1	Q9JKV1
Adissp	Q9D1K7
Slc25a4	P48962
Aebp1	Q640N1
Ado	Q6PDY2
Afdn	Q9QZQ1
Afm	O89020
Aftph	Q80WT5
Pgm3	Q9CYR6
Ago1	Q8CJG1
Ago2	Q8CJG0
Agr2	O88312
Ahsa1	Q8BK64
Aida	Q8C4Q6
Aif1	O70200
Aimp1	P31230
Aimp2	Q8R010
Aip	O08915
Akr1a1	Q9JII6
Akr1c13	Q8VC28
Akap12	Q9WTQ5
Akap4	Q60662
Akr1c18	Q8K023
Akr1e2	Q9DCT1
Akap13	E9Q394
Akt1	P31750
Akt2	Q60823
Aldh1a1	P24549
Aldh1a2	Q62148
Aldh1b1	Q9CZS1
Aldh1l1	Q8R0Y6
Aldh7a1	Q9DBF1
Aldh9a1	Q9JLJ2
Alb	P07724
Akr1b7	P21300
Akr1b8	P45377
Aldh2	P47738
Aldoa	P05064
Aldoc	P05063
Akr1b1	P45376
Igfals	P70389
Ambp	Q07456
Amotl1	Q9D4H4
Rnpep	Q8VCT3
Ampd3	O08739
Enpep	P16406
Lap3	Q9CPY7
Anpep	P97449
Lrpap1	P55302
Amy1	P00687
Ankrd13a	Q80UP5
Anp32a	O35381
Anp32b	Q9EST5
Ar	P19091
Ankfy1	Q810B6
Ang	P21570
Agt	P11859
Ankmy2	Q3TPE9
Prmt1	Q9JIF0
Serpinc1	P32261
Anxa11	P97384
Anxa1	P10107
Anxa2	P07356
Anxa3	O35639
Anxa4	P97429
Anxa5	P48036
Anxa7	Q07076
Anxa8	O35640
Aox3	G3X982
Aox4	Q3TYQ9
Ap1b1	O35643
Ap1g2	O88512
Ap1m1	P35585
Ap1m2	Q9WVP1
Ap2a1	P17426
Ap2a2	P17427
Ap2b1	Q9DBG3
Tfap2d	Q91ZK0
Ap2m1	P84091
Ap2s1	P62743
Ap3b1	Q9Z1T1
Ap3d1	O54774
Ap3m1	Q9JKC8
Ap3s1	Q9DCR2
Nudt2	P56380
Apex1	P28352
Api5	O35841
Aplf	Q9D842
Apoa1	Q00623
Apoa2	P09813
Apoa4	P06728
Apob	E9Q414
Apoc1	P34928
Apoc2	Q05020
Apoc4	Q61268
Apod	P51910
Apoe	P08226
Apoh	Q01339
Apom	Q9Z1R3
Aprt	P08030
Araf	P04627
Arap1	Q4LDD4
Arpc1a	Q9R0Q6
Arpc1b	Q9WV32
Arf3	P61205
Arf4	P61750
Arf6	P62331
Arfgap2	Q99K28
Arfgap3	Q9D8S3
Arfip1	G5E8V9
Arg1	Q61176
Arhgef1	Q61210
Arhgef12	Q8R4H2
Arih1	Q9Z1K5
Akr7a2	Q8CG76
Arl1	P61211
Arl2	Q9D0J4
Arl3	Q9WUL7
Arl8b	Q9CQW2
Asl	Q91YI0
Armc10	Q9D0L7
Armc6	Q8BNU0
Actr10	Q9QZB7
Arpp19	P56212
Actr2	P61161
Actr3	Q99JY9
Arpc5l	Q9D898
Arpc2	Q9CVB6
Arpc3	Q9JM76
Arpc4	P59999
Arpc5	Q9CPW4
Arpin	Q9D0A3
Arrdc1	Q99KN1
Arsa	P50428
Arvcf	P98203
Nat2	P50295
As3mt	Q91WU5
Asah1	Q9WV54
Asap2	Q7SIG6
Pycard	Q9EPB4
Asrgl1	Q8C0M9
Smpdl3a	P70158
Asns	Q61024
Aspscr1	Q8VBT9
Aspn	Q99MQ4
Acrv1	P50289
Ass1	P16460
Atp1a1	Q8VDN2
Atp1b1	P14094
Atp1b3	P97370
Atp2a2	O55143
Atp5pb	Q9CQQ7
Ate1	Q9Z2A5
Atg3	Q9CPX6
Atg5	Q99J83
Atl3	Q91YH5
Atox1	O08997
Atp5f1a	Q03265
Atp5f1b	P56480
Atrx	Q61687
Atxn10	P28658
Atxn2l	Q7TQH0
Atxn2	O70305
B2m	P01887
B4galt1	P15535
Babam1	Q3UI43
Babam2	Q8K3W0
Acot7	Q91V12
Banf1	O54962
Bag1	Q60739
Bag2	Q91YN9
Bag3	Q9JLV1
Bag5	Q8CI32
Bag6	Q9Z1R2
Baiap2	Q8BKX1
Bcap31	Q61335
Basp1	Q91XV3
Bax	Q07813
Bbs4	Q8C1Z7
Bcam	Q9R069
Pik3ap1	Q9EQ32
Bcat1	P24288
Bccip	Q9CWI3
Bclaf1	Q8K019
Bod1l	E9Q6J5
Glb1	P23780
Tgfbi	P82198
Gusb	P12265
Bhmt	O35490
Bicd2	Q921C5
Blvra	Q9CY64
Arfgef1	G3X9K3
Bin2	D3Z6Q9
Hspa5	P20029
Birc6	O88738
Blmh	Q8R016
Blvrb	Q923D2
Bmal2	Q2VPD4
Bbox1	Q924Y0
Bola1	Q9D8S9
Bola2	Q8BGS2
Bphl	Q8R164
Bpnt1	Q9Z0S1
Brcc3	P46737
Brd4	Q9ESU6
Rnf20	Q5DTM8
Brk1	Q91VR8
Brox	Q8K2Q7
Bsdc1	Q80Y55
Prss22	Q9ER10
Btf3l4	Q9CQH7
Btf3	Q64152
Bud31	Q6PGH1
Grcc10	O35127
Cwf19l1	Q8CI33
C1qa	P98086
C1qb	P14106
C1qc	Q02105
C1ra	Q8CG16
C1rb	Q8CFG9
Mthfd1	Q922D8
C4bpa	P08607
Cab39	Q06138
Cacna1s	Q02789
Cdh11	P55288
Cdh1	P09803
Cdh5	P55284
Cdh6	P97326
Ca13	Q9D6N1
Ca1	P13634
Ca2	P00920
Ca3	P16015
Ca4	Q64444
Calb1	P12658
Calm2	P0DP27
Calr	P14211
Calu	O35887
Canx	P35564
Camp	P51437
Capn1	O35350
Capn2	O08529
Capn7	Q9R1S8
Ppp3r1	Q63810
Cand1	Q6ZQ38
Cand2	Q6ZQ73
Cap1	P40124
Cap2	Q9CYT6
Pcif1	P59114
Caprin1	Q60865
Cdkn2aip	Q8BI72
Carmil1	Q6EDY6
Carnmt1	Q80UY1
Casp1	P29452
Casp3	P70677
Casp6	O08738
Casp7	P97864
Casp8	O89110
Casp14	O89094
Cat	P24270
Ctsb	P10605
Ctsc	P97821
Ctsd	P18242
Ctsh	P49935
Ctsk	P55097
Ctsl	P06797
Ctso	Q8BM88
Ctsz	Q9WUU7
Cavin1	O54724
Cavin2	Q63918
Cavin3	Q91VJ2
Capza2	P47754
Cab39l	Q9DB16
Serpina6	Q06770
Cpa4	Q6P8K8
Cpb2	Q9JHH6
Agbl4	Q09LZ8
Cpm	Q80V42
Cpn1	Q9JJN5
Cpq	Q9WVJ3
Cbr1	P48758
Cbr2	P08074
Cbr3	Q8K354
Cbs	Q91WT9
Cbx1	P83917
Cbx5	Q61686
Ccdc124	Q9D8X2
Tmem30a	Q8VEK0
Ccar1	Q8CH18
Ccar2	Q8VDP4
Ccdc12	Q8R344
Ccdc25	Q78PG9
Ccdc40	Q8BI79
Ccdc81	Q9D5W4
Ccdc93	Q7TQK5
Ccdc6	D3YZP9
Ccdc9	Q8VC31
Ccs	Q9WU84
Ccz1	Q8C1Y8
Cd14	P10810
Cd151	O35566
Cd177	Q8R2S8
Cd2ap	Q9JLQ0
Cd34	Q64314
Cd44	P15379
Cd5l	Q9QWK4
Cd81	P35762
Cd99	Q8VCN6
Cd9	P40240
Cdc16	Q8R349
Cdc23	Q8BGZ4
Cdc26	Q99JP4
Cdc37	Q61081
Cdc42	P60766
Cdc5l	Q6A068
Cdca2	Q14B71
Cda	P56389
Cdk2	P97377
Cdk4	P30285
Cdk5	P49615
Cdk6	Q64261
Cdkn1b	P46414
Cdkn2c	Q60772
Cdv3	Q4VAA2
Ceacam10	Q61400
Celf1	P28659
Cert1	Q9EQG9
Cetn2	Q9R1K9
Cfap20	Q8BTU1
Cfap36	Q8C6E0
Cfd	P03953
Cfh	P06909
Cfi	Q61129
Cfdp1	O88271
Cth	Q8VCN5
Hspe1	Q64433
Chmp1b1	Q99LU0
Chi3l1	Q61362
Hspd1	P63038
Chac2	Q9CQG1
Chd4	Q6PDQ2
Chil3	O35744
Stub1	Q9WUD1
Chkb	O55229
Bche	Q03311
Chmp1a	Q921W0
Chmp2a	Q9DB34
Chmp4b	Q9D8B3
Chmp3	Q9CQ10
Chmp5	Q9D7S9
Chordc1	Q9D1P4
Carhsp1	Q9CR86
Ciao1	Q99KN2
Cic	Q924A2
Cgn	P59242
Trip10	Q8CJ53
Cirbp	P60824
Cs	Q9CZU6
Bles03	Q8VD62
Ckap4	Q8BMK4
Ckap5	A2AGT5
Cks2	P56390
Clec16a	Q80U30
Clca1	Q9D7Z6
Clta	O08585
Cltb	Q6IRU5
Cldn3	Q9Z0G9
Cltc	Q68FD5
Clic1	Q9Z1Q5
Clic4	Q9QYB1
Clip1	Q922J3
Clu	Q06890
Cmbl	Q8R1G2
Cmpk2	Q3U5Q7
Cmss1	Q9CZT6
Cmtr1	Q9DBC3
Cnp	P16330
Cndp1	Q8BUG2
Cndp2	Q9D1A2
Cnn1	Q08091
Cnn2	Q08093
Cnn3	Q9DAW9
Cnot1	Q6ZQ08
Cnpy2	Q9QXT0
Cnrip1	Q5M8N0
Col1a1	P11087
Col1a2	Q01149
C2	P21180
Col3a1	P08121
C3	P01027
C4b	P01029
C5	P06684
Col6a1	Q04857
Col6a2	Q02788
Col6a4	A2AX52
C8a	Q8K182
C8b	Q8BH35
C8g	Q8VCG4
C9	P06683
Coasy	Q9DBL7
Cobll1	Q3UMF0
Coch	Q62507
Col14a1	Q80X19
Cfl1	P18760
Cfl2	P45591
Col15a1	O35206
Cog3	Q8CI04
Cog4	Q8R1U1
Cog7	Q3UM29
Commd2	Q8BXC6
Commd3	Q63829
Commd7	Q8BG94
Commd8	Q9CZG3
Commd9	Q8K2Q0
Comt	O88587
Copa	Q8CIE6
Copb2	O55029
Copb1	Q9JIF7
Arcn1	Q5XJY5
Cope	O89079
Copg1	Q9QZE5
Copg2	Q9QXK3
Coro1a	O89053
Coro1b	Q9WUM3
Coro1c	Q9WUM4
Coro7	Q9D2V7
Cotl1	Q9CQI6
Cox17	P56394
Cox5a	P12787
Cox5b	P19536
Cyp2f2	P33267
Cyp3a11	Q64459
Ciapin1	Q8WTY4
Cpn2	Q9DBB9
Cpne1	Q8C166
Cpne3	Q8BT60
Capns1	O88456
Cpped1	Q8BFS6
Cpt2	P52825
Rcsd1	Q3UZA1
Creb1	Q01147
Creld2	Q9CYA0
Crip1	P63254
Crip2	Q9DCT8
Cript	O70333
Crisp1	Q03401
Crkl	P47941
Crlf3	Q9Z2L7
Crocc	Q8CJ40
Crp	P14847
Crtc1	Q68ED7
Cryl1	Q99KP3
Crym	O54983
C1s1	Q8CG14
Csad	Q9DBE0
Csde1	Q91W50
Csf1r	P09581
Csnk2a1	Q60737
Csnk2a2	O54833
Csnk2b	P67871
Csk	P41241
Gps1	Q99LD4
Cops2	P61202
Cops3	O88543
Cops4	O88544
Cops5	O35864
Cops6	O88545
Cops7a	Q9CZ04
Cops8	Q8VBV7
Csrp1	P97315
Csrp2	P97314
Cstf2	Q8BIQ5
Custos	Q3UY34
Ctnnbl1	Q9CWL8
Ctbp2	P56546
Ctif	Q6PEE2
Slc44a4	Q91VA1
Ctnna1	P26231
Ctnnb1	Q02248
Ctnnd1	P30999
Cul1	Q9WTX6
Cul2	Q9D4H8
Cul3	Q9JLV5
Cul4b	A2A432
Cul5	Q9D5V5
Cuta	Q9CQ89
Cwc15	Q9JHS9
Cwc22	Q8C5N3
Cwc27	Q3TKY6
Cxcl5	P50228
Cyb5b	Q9CQX2
Cacybp	Q9CXW3
Cyct	P00015
Cycs	P62897
Cyfip1	Q7TMB8
Cyfip2	Q5SQX6
Cygb	Q9CX80
Cyria	Q8BHZ0
Cyrib	Q921M7
Cstb	Q62426
Cst3	P21460
Czib	Q8BHG2
Dnaaf10	Q8BGF3
Dab2	P98078
Dad1	P61804
Cd55	Q61475
Dag1	Q62165
Dazap1	Q9JII5
Dbil5	O09035
Diablo	Q9JIQ3
Dbndd2	Q9CRD4
Dbnl	Q62418
Dync1i2	O88487
Dync1li1	Q8R1Q8
Dync1li2	Q6PDL0
Dcaf1	Q80TR8
Dcaf7	P61963
Dcaf8	Q8N7N5
Dclk1	Q9JLM8
Dcun1d1	Q9QZ73
Dcps	Q9DAR7
Dctn2	Q99KJ8
Dctn3	Q9Z0Y1
Dctn4	Q8CBY8
Dctn5	Q9QZB9
Dctn6	Q9WUB4
Dctpp1	Q9QY93
Urod	P70697
Dcxr	Q91X52
Ddx19a	Q61655
Ddah1	Q9CWS0
Ddah2	Q99LD8
Ddb1	Q3U1J4
Ddhd1	Q80YA3
Ddi2	A2ADY9
Ddx17	Q501J6
Ddx1	Q91VR5
Ddx21	Q9JIK5
Ddx3x	Q62167
Ddx42	Q810A7
Ddx46	Q569Z5
Ddx5	Q61656
Ddx6	P54823
Decr1	Q9CQ62
Defb1	P56386
Defb2	P82020
Dek	Q7TNV0
Denr	Q9CQJ6
Dera	Q91YP3
Dpt	Q9QZZ6
Des	P31001
Dsp	E9Q557
Dstn	Q9R0P5
Defb15	Q8R2I5
Defb22	Q8BVC1
Defb50	Q6TU36
Dgkz	Q80UP3
Hsd17b11	Q9EQ06
Hsd17b12	O70503
Hsd17b4	P51660
Dhdh	Q9DBB8
Glud1	P26443
Hsd11b2	P51661
Qdpr	Q8BVI4
Bdh2	Q8JZV9
Sord	Q64442
Dhx15	O35286
Dhx29	Q6PGC1
Dhx36	Q8VHK9
Dhx9	O70133
Dis3l2	Q8CI75
Ctbs	Q8R242
Dip2b	Q3UH60
Dnajc24	Q91ZF0
Dkc1	Q9ESX5
Dkk3	Q9QUN9
Dld	O08749
Dlgap4	B1AZP2
Dynlrb1	P62627
Dynlrb2	Q9DAJ5
Dnaja1	P63037
Dnaja2	Q9QYJ0
Dnajb1	Q9QYJ3
Dnajb4	Q9D832
Dnajc2	P54103
Dnajc8	Q6NZB0
Dnajc9	Q91WN1
Lig1	P37913
Dnmt1	P13864
Dnase2b	Q9QY48
Dock11	A2AF47
Dock1	Q8BUR4
Dock7	Q8R1A4
Dohh	Q99LN9
Ddt	O35215
Appl1	Q8K3H0
Appl2	Q8K3G9
Dpep3	Q9DA79
Dph7	Q9CYU6
Polb	Q8K409
Dpp3	Q99KK7
Dpp4	P28843
Dpp8	Q80YA7
Dpp9	Q8BVG4
Dpy30	Q99LT0
Dpysl2	O08553
Drg1	P32233
Drg2	Q9QXB9
Dsc2	P55292
Dsg1a	Q61495
Dtd1	Q9DD18
Dtd2	Q8BHA3
Dtx3l	Q3UIR3
Dusp23	Q6NT99
Ddx39a	Q8VDW0
Ddx39b	Q9Z1N5
Dnah5	Q8VHE6
Dync1h1	Q9JHU4
Dync2h1	Q45VK7
Dynll1	P63168
Dynll2	Q9D0M5
Dynlt3	P56387
Dnm1	P39053
Dnm2	P39054
Dhfr	P00375
Eif2ak2	Q03963
Epb41l2	O70318
Epb41l3	Q9WV92
Echdc1	Q9D9V3
Echs1	Q8BH95
Ecpas	Q6PDI5
Ear2	P97425
Edf1	Q9JMG1
Eea1	Q8BL66
Eef1a1	P10126
Eef1a2	P62631
Eef1b	O70251
Eef1d	P57776
Eef1g	Q9D8N0
Eef2kmt	Q3UZW7
Eef2k	O08796
Eef2	P58252
Efl1	Q8C0D5
Tufm	Q8BFR5
Egfr	Q01279
Egf	P01132
Egln1	Q91YE3
Ehd1	Q9WVK4
Ehd2	Q8BH64
Ehd4	Q9EQP2
Eif2b1	Q99LC8
Eif2b2	Q99LD9
Eif2b4	Q61749
Eif2b5	Q8CHW4
Eif3j2	Q66JS6
Eif1	P48024
Eif2a	Q8BJW6
Eif3a	P23116
Eif3b	Q8JZQ9
Eif3c	Q8R1B4
Eif3d	O70194
Eif3e	P60229
Eif3f	Q9DCH4
Eif3g	Q9Z1D1
Eif3h	Q91WK2
Eif3i	Q9QZD9
Eif3k	Q9DBZ5
Eif3l	Q8QZY1
Eif3m	Q99JX4
Eipr1	Q8K0G5
Etnk1	Q9D4V0
Elavl1	P70372
Elmo1	Q8BPU7
Elmo3	Q8BYZ7
Elane	Q3UP87
Elob	P62869
Eloc	P83940
Elp1	Q7TT37
Elp2	Q91WG4
Elp3	Q9CZX0
Mpp1	P70290
Eml1	Q05BC3
Eml3	Q8VC03
Emb	P21995
Engase	Q8BX80
Eno1	P17182
Eno3	P21550
Enoph1	Q8BGB7
Hsp90b1	P08113
Enpp3	Q6DYE8
Ensa	P60840
Eps15l1	Q60902
Ep300	B2RWS6
Epdr1	Q99M71
Epha10	Q8BYG9
Eppk1	Q8R0W0
Epn1	Q80VP1
Erap1	Q9EQH2
Ercc6l	Q8BHK9
Etf1	Q8BWY3
Gspt1	Q8R050
Ergic1	Q9DC16
Erh	P84089
Eri3	Q8C460
Erlin2	Q8BFZ9
Erp29	P57759
Erp44	Q9D1Q6
Eps8l1	Q8R5F8
Eps8l2	Q99K30
Esf1	Q3V1V3
Esr1	P19785
Ces1c	P23953
Ces1d	Q8VCT4
Ces1f	Q91WU0
Ces5a	Q6AW46
Esd	Q9R0P3
Etfa	Q99LC5
Etfb	Q9DCW4
Evpl	Q9D952
Exoc4	O35382
Exoc8	Q6PGF7
Ezr	P26040
Fam114a2	Q8VE88
FAM120A	Q6A0A9
F13a1	Q8BH61
F13b	Q07968
Fbp1	Q9QXD6
Fbp2	P70695
F10	O88947
F12	Q80YC5
Fam50a	Q9WV03
Fam98b	Q80VD1
F9	P16294
Fah	P35505
Fabp4	P04117
Fabp5	Q05816
Fabp3	P11404
Fadd	Q61160
Faf1	P54731
Ptk2b	Q9QVP9
Fam3b	Q9D309
Fasn	P19096
Fat4	Q2PZL6
Fblim1	Q71FD7
Fbln1	Q08879
Fbln2	P37889
Efemp1	Q8BPB5
Fbl	P35550
Fbxo22	Q78JE5
Fbxo30	Q8BJL1
Nccrp1	G3X9C2
Gfus	P23591
Fchsd1	Q6PFY1
Fcsk	Q7TMC8
Fen1	P39749
Fermt1	P59113
Fermt2	Q8CIB5
Ahsg	P29699
Fetub	Q9QXC1
Fgd3	O88842
Fgf1	P61148
Fgl2	P12804
Fhip2a	Q8CDM8
Fhl1	P97447
Fhl3	Q9R059
Fga	E9PV24
Fgb	Q8K0E8
Fgg	Q8VCM7
Fis1	Q9CQ92
Fkbp10	Q61576
Fkbp11	Q9D1M7
Fkbp1a	P26883
Fkbp2	P45878
Fkbp3	Q62446
Fkbp4	P30416
Fkbp5	Q64378
Flii	Q9JJ28
Flna	Q8BTM8
Flnb	Q80X90
Flnc	Q8VHX6
Fmo2	Q8K2I3
Fndc7	A2AED3
Fnta	Q61239
Fdps	Q920E5
Frg1	P97376
Fth1	P09528
Frmpd1	A2AKB4
Fads2b	Q0VAX3
Fscn1	Q61553
Fsd1l	Q8BYN5
Fto	Q8BGW1
Khsrp	Q3U0V1
Fuca1	Q99LJ1
Fh	P97807
Fus	P56959
Fxr1	Q61584
Fyb1	O35601
G3bp1	P97855
G3bp2	P97379
Gapdhs	Q64467
G6pdx	Q00612
H6pd	Q8CFX1
Gpi	P06745
Gabpa	Q00422
Gak	Q99KY4
Gatd3	Q9D172
Gatd1	Q8BFQ8
Gale	Q8R059
Galk1	Q9R0N0
Galk2	Q68FH4
Galm	Q8K157
Gamt	O35969
Ganab	Q8BHN3
Ganc	Q8BVW0
Gapvd1	Q6PAR5
Gar1	Q9CY66
Gars1	Q9CZD3
Gbp2	Q9Z0E6
Gbp3	Q61107
Gbp7	Q91Z40
Gabrg3	P27681
Gabarapl1	Q8R3R8
Gabarapl2	P60521
Gcc2	Q8CHG3
Gcn1	E9PVA8
Gucy1b1	O54865
Gdi1	P50396
Gdi2	Q61598
Arhgdia	Q99PT1
Arhgdib	Q61599
Serpine2	Q07235
Rap1gds1	E9Q912
Gsn	P13020
Gphn	Q8BUV3
Get3	O54984
Gfpt1	P47856
Gga1	Q8R0H9
Ggct	Q9D7X8
Ggh	Q9Z0L8
Ggps1	Q9WTN0
Ggt7	Q99JP7
Ifi30	Q9ESY9
Gimap4	Q99JY3
Gipc1	Q9Z0G0
Git1	Q68FF6
Gne	Q91WG8
Glul	P15105
Hagh	Q99KB8
Glod4	Q9CPV4
Glrx	Q9QUH0
Glrx3	Q9CQM9
Gltp	Q9JL62
Prkcsh	O08795
Gyg1	Q9R062
Gmds	Q8K0C9
Gmfb	Q9CQI3
Gmfg	Q9ERL7
Gmppa	Q922H4
Gmppb	Q8BTZ7
Gmpr	Q9DCZ1
Gmpr2	Q99L27
Gnai2	P08752
Gnai3	Q9DC51
Gnaq	P21279
Gnl1	P36916
Gnpda1	O88958
Gnpda2	Q9CRC9
Gns	Q8BFR4
Golga4	Q91VW5
Golm2	Q6P2L7
Golph3	Q9CRA5
Gopc	Q8BH60
Gorasp2	Q99JX3
Gpd1l	Q3ULJ0
Gpm6a	P35802
Gpsm2	Q8VDU0
Gpx1	P11352
Gpx3	P46412
Gpx4	O70325
Gpx5	P21765
Gripap1	Q8VD04
Grb2	Q60631
Grhpr	Q91Z53
Polr2m	Q6P6I6
Grn	P28798
Hspa9	P38647
Gsdma	Q9EST1
Gsdmd	Q9D8T2
Gclm	O09172
Gclc	P97494
Gss	P51855
Gsr	P47791
Gsk3a	Q2NL51
Gskip	Q8BGR8
Gsta1	P13745
Gsta2	P10648
Gsta3	P30115
Gsta4	P24472
Gstm1	P10649
Gstm2	P15626
Gstm4	Q8R5I6
Gstm5	P48774
Gstm7	Q80W21
Gsto1	O09131
Gstp1	P19157
Gstt1	Q64471
Gstt2	Q61133
Gstt3	Q99L20
Gtpbp1	O08582
Slc2a3	P32037
Gmps	Q3THK7
Gda	Q9R111
Gvin1	Q80SU7
Gys1	Q9Z1E4
H1-0	P10922
H1-1	P43275
H1-2	P15864
H1-3	P43277
H1-4	P43274
H1-5	P43276
Hs1bp3	Q3TC93
H2ac11	C0HKE5
H2bc9	Q64478
H3-5	P02301
H4c1	P62806
H2-Q10	P01898
Hacl1	Q9QXE0
Pdap1	Q3UHX2
Hars1	Q61035
Hbb-b2	P02089
Hbb-y	P02104
Hadh	Q61425
Hcfc1	Q61191
Hcls1	P49710
Hdac1	O09106
Hdac2	P70288
Hdac4	Q6NZM9
Hdac5	Q9Z2V6
Hdac6	Q9Z2V5
Hddc2	Q3SXD3
Hdgf	P51859
Hdgfl2	Q3UMU9
Hdgfl3	Q9JMG7
Hdhd2	Q3UGR5
Heatr6	Q6P1G0
Hebp2	Q9WU63
Hectd1	Q69ZR2
Alad	P10518
Hmbs	P22907
Uros	P51163
Hpx	Q91X72
Serpind1	P49182
Herc4	Q6PAV2
Herc6	F2Z461
Hesx1	Q61658
Hexa	P29416
Hexb	P20060
Hexim1	Q8R409
Hgfac	Q9R098
Hgs	Q99LI8
Hibch	Q8QZS1
Hif1an	Q8BLR9
Hikeshi	Q9DD02
Hint1	P70349
Hip1r	Q9JKY5
Hip1	Q8VD75
Hirip3	Q8BLH7
Hm13	Q9D8V0
Hmgcs1	Q8JZK9
Hmgcs2	P54869
Hmga1	P17095
Hmga2	P52927
Hmgb1	P63158
Hmgb2	P30681
Hmgb3	O54879
Hmgn3	Q9DCB1
Hmgn5	Q9JL35
Hnmt	Q91VF2
Hnrnph2	P70333
Hnrnpul1	Q8VDM6
Hnrnpul2	Q00PI9
Hnrnpll	Q921F4
Hnrnpc	Q9Z204
Hnrnpd	Q60668
Hnrnpf	Q9Z2X1
Hnrnpm	Q9D0E1
Hnrnpu	Q8VEK3
Rbck1	Q9WUB0
Hook3	Q8BUK6
Hopx	Q8R1H0
Hp1bp3	Q3TEA8
Hspbp1	Q99P31
Hpcal1	P62748
Hpgds	Q9JHF7
Hprt1	P00493
Hp	Q61646
Hsph1	Q61699
Hspa12a	Q8K0U4
Hspa1a	Q61696
Hspa4l	P48722
Hsp90aa1	P07901
Hsp90ab1	P11499
Hspa13	Q8BM72
Hspa2	P17156
Hspa8	P63017
Hspa14	Q99M31
Hspb1	P14602
Hspb6	Q5EBG6
Hspb7	P35385
Htatsf1	Q8BGC0
Hal	P35492
Huwe1	Q7TMY8
Hk1	P17710
Hk2	O08528
Hk3	Q3TRM8
Ephx1	Q9D379
Ephx2	P34914
Hykk	Q5U5V2
Hyou1	Q9JKR6
Irf2bp1	Q8R3Y8
Irf2bp2	E9Q1P8
Irf2bpl	Q8K3X4
Ift70a1	Q99J38
Iah1	Q9DB29
Igfbp3	P47878
Igfbp4	P47879
Igfbp5	Q07079
Igfbp6	P47880
Igfbp7	Q61581
Serping1	P97290
Cast	P51125
Icam1	P13597
Icam2	P35330
Ica	Q9DBD0
Clns1a	Q61189
Ide	Q9JHR7
Idh1	O88844
Idh2	P54071
Idi1	P58044
Ift140	E9PY46
Eif1ax	Q8BMJ3
Eif2s1	Q6ZWX6
Igf2bp2	Q5SF07
Eif2s2	Q99L45
Eif2s3x	Q9Z0N1
Eif5b	Q05D44
Eif4a1	P60843
Eif4a2	P10630
Eif4a3	Q91VC3
Eif4b	Q8BGD9
Eif4e	P63073
Eif4g2	Q62448
Eif4g3	Q80XI3
Eif4h	Q9WUK2
Eif5a	P63242
Eif5	P59325
Eif6	O55135
Ifi204	P0DOV2
Ifi205a	Q8CGE8
Mnda	P0DOV1
Ifih1	Q8R5F7
Ifit1	Q64282
Ifit3	Q64345
Ifitm1	Q9D103
Ifitm3	Q9CQW9
Ift25	Q9D6H2
Ift57	Q8BXG3
Ift74	Q8BKE9
Ift80	Q8K057
Ift81	O35594
Ift88	Q61371
Igbp1	Q61249
Ighm	P01872
Jchain	P01592
Igkc	P01837
Igsf3	Q6ZQA6
Ikbkb	O88351
Il1rap	Q61730
Il36a	Q9JLA2
Il36g	Q8R460
Serpinb1a	Q9D154
Ilf2	Q9CXY6
Ilkap	Q8R0F6
Ilk	O55222
Kpna3	O35344
Kpna1	Q60960
Kpnb1	P70168
Impdh2	P24547
Imp4	Q8VHZ7
Impa2	Q91UZ5
Impact	O55091
Ifi35	Q9D8C4
Ifnar2	O35664
Inmt	P40936
Isyna1	Q9JHU9
Inpp1	P49442
Insrr	Q9WTL4
Ints6	Q6PCM2
Ints7	Q7TQK1
Ipo11	Q8K2V6
Ipo4	Q8VI75
Ipo5	Q8BKC5
Ipo7	Q9EPL8
Ipo9	Q91YE6
Ppp1r2	Q9DCL8
Ppa2	Q91VM9
Ppa1	Q9D819
Iqsec3	Q3TES0
Iqgap1	Q9JKF1
Iqgap2	Q3UQ44
Irak4	Q8R4K2
Irf3	P70671
Irf6	P97431
Irgq	Q8VIM9
Isg15	Q64339
Isg20	Q9JL16
Spink1	P09036
Spink2	Q8BMY7
Islr	Q6GU68
Ist1	Q9CX00
Itgal	P24063
Itgb1	P09055
Itih1	Q61702
Itih2	Q61703
Itih3	Q61704
Itih4	A6X935
Itpa	Q9D892
Itpk1	Q8BYN3
Itsn1	Q9Z0R4
Ivd	Q9JHI5
F11r	O88792
Spag9	Q58A65
Jpt1	P97825
Jpt2	Q6PGH2
Macf1	Q9QXZ0
Kiaa1522	A2A7S8
Klk1b21	Q61759
Klk1b24	Q61754
Krt13	P08730
Krt14	Q61781
Krt15	Q61414
Krt16	Q9Z2K1
Krt17	Q9QWL7
Krt18	P05784
Krt19	P19001
Krt23	Q99PS0
Krt27	Q9Z320
Krt42	Q6IFX2
Krt31	Q61765
Krt32	Q62168
Krt2	Q3TTY5
Krt76	Q3UV17
Krt77	Q6IFZ6
Krt1	P04104
Krt4	P07744
Krt5	Q922U2
Krt6a	P50446
Krt6b	Q9Z331
Krt71	Q9R0H5
Krt72	Q6IME9
Krt73	Q6NXH9
Krt74	Q6IFZ9
Krt75	Q8BGZ7
Krt79	Q8VED5
Krt7	Q9DCV7
Krt80	Q0VBK2
Krt8	P11679
Ak1	Q9R0Y5
Ak2	Q9WTP6
Ak3	Q9WTP7
Kank2	Q8BX02
Prkar1a	Q9DBC7
Prkar2b	P31324
Prkaca	P05132
Prkacb	P68181
Kyat1	Q8BTY1
Camk1	Q91YS8
Camk1d	Q8BW96
Camk2d	Q6PHZ2
Camk2g	Q923T9
Kcmf1	Q80UY2
Kcnrg	Q2TUM3
Ckb	Q04447
Ckm	P07310
Ckmt1	P30275
Kctd5	Q8VC57
Guk1	Q64520
Khdrbs1	Q60749
Kif14	L0N7N1
Kif1b	Q60575
Kif1c	O35071
Kif2a	P28740
Kif3b	Q61771
Mvk	Q9R008
Kif5b	Q61768
Klc4	Q9DBS5
Klhdc4	Q921I2
Klk1	P15947
Klkb1	P26262
Kng1	O08677
Prkcb	P68404
Prkcd	P28867
Prkci	Q62074
Prpsap1	Q9D0M1
Prpsap2	Q8R574
Pkm	P52480
Krt35	Q497I4
Krt85	Q9Z2T6
Rps6ka1	P18653
Rps6ka3	P18654
Fn3krp	Q8K274
Ktn1	Q61595
Igkv12-41	P01635
Gm10881	P01642
Lactb2	Q99KR3
Lage3	Q9CR70
Lama3	Q61789
Lama4	P97927
Lamb2	Q61292
Lamb3	Q61087
Lamp1	P11438
Lamp2	P17047
Lancl1	O89112
Larp1	Q6ZQ58
Lasp1	Q61792
Ssb	P32067
Lbh	Q9CX60
Lbp	Q61805
Luc7l2	Q7TNC4
Luc7l3	Q5SUF2
Lcat	P16301
Lcn5	A2AJB7
Ldhc	P00342
Lgals1	P16045
Lgals3	P16110
Lgalsl	Q8VED9
Lgals3bp	Q07797
Lgmn	O89017
Lgsn	Q8CIX8
Glo1	Q9CPU0
Lhpp	Q9D7I5
Lifr	P42703
Lima1	Q9ERG0
Limd1	Q9QXD8
Lims2	Q91XD2
Pnliprp1	Q5BKQ4
Pafah1b1	P63005
Lta4h	P24527
Lman1	Q9D0F3
Lman2	Q9DBH5
Lmcd1	Q8VEE1
Lmna	P48678
Lmnb1	P14733
Lmod1	Q8BVA4
Lonp1	Q8CGK3
Alox12	P39655
Alox15	P39654
Lrpprc	Q6PB66
Lpp	Q8BFW7
Lrrc40	Q9CRC8
Lrrc47	Q505F5
Lrp10	Q7TQH7
Lrp1	Q91ZX7
Lrp2	A2ARV4
Lrrfip1	Q3UZ39
Lrrn4	P59383
Lsm14a	Q8K2F8
Lsm3	P62311
Lsm4	Q9QXA5
Lsm6	P62313
Lsm7	Q9CQQ8
Lsm8	Q6ZWM4
Lsp1	P19973
Luc7l	Q9CYI4
Lum	P51885
Alox12e	P55249
Lxn	P70202
Ly6g5c	Q8K1T5
Gaa	P70699
Lyar	Q08288
Lypla1	P97823
Lypla2	Q9WTL7
Lyve1	Q8BHC0
Lyz1	P17897
Lyz2	P08905
Spaca5	A2AE20
Lyzl6	Q9DA11
Lzic	Q8K3C3
Lztfl1	Q9JHQ5
Map3k3	Q61084
Man1a1	P45700
Man2b1	O09159
Man2b2	O54782
Man2c1	Q91W89
Map7d1	A2AJI0
Gstz1	Q9WVL0
Maged1	Q9QYH6
Manf	Q9CXI5
Me1	P06801
Metap1	Q8BP48
Map1a	Q9QYR6
Map1b	P14873
Map1s	Q8C052
Metap2	O08663
Map4	P27546
Map6	Q7TSJ2
Map9	Q3TRR0
Mapkapk2	P49138
Marcks	P26645
Mapre1	Q61166
Mapre3	Q6PER3
Mark2	Q05512
Mark3	Q03141
Masp1	P98064
Masp2	Q91WP0
Mnat1	P51949
Mat2b	Q99LB6
Max	P28574
Mybbp1a	Q7TPV4
Mbl1	P39039
Mbl2	P41317
Eef1e1	Q9D1M4
Rnmt	Q9D0L8
Mcm2	P97310
Mcm3	P25206
Mcm4	P49717
Mcm6	P97311
Mcm7	Q61881
Mcmbp	Q8R3C0
Mcrip1	Q3UGS4
Mcts1	Q9DB27
Mad1l1	Q9WTX8
Mdh1	P14152
Mdh2	P08249
Meis2	P97367
Meis3	P97368
Memo1	Q91VH6
Wdr77	Q99J09
Mepce	Q8K3A9
Mesd	Q9ERE7
Mtr	A6H5Y3
Mat2a	Q3THS6
Mfap4	Q9D1H9
Mfge8	P21956
Mgat3	Q10470
Mdp1	Q9D967
Magoh	P61327
Mien1	Q9CQ86
Mier1	Q5UAK0
Mif	P34884
Ogn	Q62000
Mindy1	Q76LS9
Mapk1ip1l	Q8BH93
Mapk1	P63085
Mapk3	Q63844
Mapk9	Q9WTU6
Mapk13	Q9Z1B7
Mapk14	P47811
Mdk	P12025
Mlec	Q6ZQI3
Mlf1	Q9QWV4
Map1lc3b	Q9CQV6
Mmp8	O70138
Mmp9	P41245
Mms19	Q9D071
Aldh6a1	Q9EQ20
Mob1b	Q8BPB0
Mocs3	A2BDX3
Msn	P26041
Slc16a1	P53986
Mov10	P23249
Map2k1	P31938
Map2k2	Q63932
Map2k3	O09110
Map2k4	P47809
Mpdz	Q8VBX6
Mpi	Q924M7
M6pr	P24668
Mpdu1	Q9R0Q9
Mrc2	Q64449
Cdc42bpb	Q7TT50
Marcksl1	P28667
Msh2	P43247
Msi2	Q920Q6
Msmb	O08540
Msra	Q9D6Y7
Msrb3	Q8BU85
Rabif	Q91X96
Mustn1	Q99JI1
Vcpkmt	Q8C436
Mt2	P02798
Mta2	Q9R190
Mtap	Q9CQ65
Mettl26	Q9DCS2
Mri1	Q9CQT1
Apip	Q9WVQ5
Adi1	Q99JT9
Mtpn	P62774
Mtrex	Q9CZU3
Mcam	Q8R2Y2
Mug1	P28665
Mup20	Q5FW60
Mup2	P11589
Mvd	Q99JF5
Mvp	Q9EQK5
Myo18a	Q9JMH9
Myadm	O35682
Myd88	P22366
Mydgf	Q9CPT4
Myg1	Q9JK81
Mb	P04247
Myh10	Q61879
Myh11	O08638
Myh14	Q6URW6
Myh9	Q8VDD5
Myl9	Q9CQ19
Mylk	Q6PDN3
Myo1c	Q9WTI7
Myo1d	Q5SYD0
Myo1e	E9Q634
Myof	Q69ZN7
Ppp1r12a	Q9DBR7
Ppp1r12b	Q8BG95
N4bp3	Q8C7U1
Naa10	Q9QY36
Naa15	Q80UM3
Naa25	Q8BWZ3
Naa30	Q8CES0
Naa35	Q6PHQ8
Naa50	Q6PGB6
Naga	Q9QWR8
Nagk	Q9QZ08
Nampt	Q99KQ4
Napsa	O09043
Nasp	Q99MD9
Cyb5r3	Q9DCN2
Nbea	Q9EPN1
Nbl1	Q61477
Ncald	Q91X97
Ncam1	P13595
Ncbp1	Q3UYV9
Ncbp2	Q9CQ49
Nceh1	Q8BLF1
Ncf1	Q09014
Ncf2	O70145
Nck1	Q99M51
Nckap1	P28660
Por	P37040
Nme1	P15532
Ndrg1	Q62433
Ndrg2	Q9QYG0
Ndrg3	Q9QYF9
Ndst3	Q9EQH7
Ndufs6	P52503
Necap1	Q9CR95
Necap2	Q9D1J1
Nectin4	Q8R007
Nedd4	P46935
Nedd8	P29595
Nek7	Q9ES74
Nek9	Q8K1R7
Nelfb	Q8C4Y3
Nemf	Q8CCP0
Ikbkg	O88522
Mme	Q61391
Neto2	Q8BNJ6
Nln	Q91YP2
Nf1	Q04690
Nfib	P97863
Nfkb1	P25799
Ngef	Q8CHT1
Ngly1	Q9JI78
Ngp	O08692
Snu13	Q9D0T1
Nhlrc2	Q8BZW8
Nhp2	Q9CRB2
Nherf1	P70441
Nherf2	Q9JHL1
Niban1	Q3UW53
Niban2	Q8R1F1
Nid1	P10493
Nif3l1	Q9EQ80
Nipbl	Q6KCD5
Nisch	Q80TM9
Nit1	Q8VDK1
Nit2	Q9JHW2
Nktr	P30415
Nle1	Q8VEJ4
Nmi	O35309
Nmral1	Q8K2T1
Nmt1	O70310
Naxd	Q9CZ42
Naxe	Q8K4Z3
Nodal	P43021
Nono	Q99K48
Nop56	Q9D6Z1
Nop58	Q6DFW4
Nap1l4	Q78ZA7
Npc2	Q9Z0J0
Nploc4	P60670
Npl	Q9DCJ9
Npm1	Q61937
Nqo1	Q64669
Nqo2	Q9JI75
Nr2e3	Q9QXZ7
Nrbp2	Q91V36
Nrbp1	Q99J45
Nrdc	Q8BHG1
Ivns1abp	Q920Q8
Nsfl1c	Q9CZ44
Nsf	P46460
Nsrp1	Q5NCR9
Nsun2	Q1HFZ0
Nt5c	Q9JM14
Ntan1	Q64311
Nutf2	P61971
Ntpcr	Q9CQA9
Nuak2	Q8BZN4
Nub1	P54729
Nucb1	Q02819
Nucb2	P81117
Nucks1	Q80XU3
Ncl	P09405
Nudt10	P0C027
Nudt14	Q9D142
Nudt16	Q6P3D0
Nudcd1	Q6PIP5
Nudcd2	Q9CQ48
Nudc	O35685
Nudt3	Q9JI46
Nudt5	Q9JKX6
Nudt9	Q8BVU5
Numa1	E9Q7G0
Nup93	Q8BJ71
Nxn	P97346
Fam114a1	Q9D281
Oard1	Q8R5F3
Oat	P29758
Ocrl	Q6NVF0
Crot	Q9DC50
Odad2	B2RY50
Odf1	Q61999
Odf2	A3KGV1
Dlat	Q8BMF4
Pdha1	P35486
Odr4	Q4PJX1
Oga	Q9EQQ9
Ogfod1	Q3U0K8
Ogfr	Q99PG2
Ogt	Q8CGY8
Ola1	Q9CZ30
Ophn1	Q99J31
Oplah	Q8K010
Rexo2	Q9D8S4
Osbpl9	A2A8Z1
Osbp	Q3B7Z2
Ddost	O54734
Ostf1	Q62422
Ovgp1	Q62010
Ovos	Q3UU35
Oxr1	Q4KMM3
Oxsr1	Q6P9R2
P3h2	Q8CG71
P4ha1	Q60715
Ppp4r3a	Q6P2K6
Pycr3	Q9DCC4
Pik3r1	P26450
Pafah1b3	Q61205
Pla2g4a	P47713
Pla2g4c	Q64GA5
Pa2g4	P50580
Pabpc1	P29341
Pabpn1	Q8CCS6
Pacsin2	Q9WVE8
Pacsin3	Q99JB8
Pacs1	Q8K212
Padi1	Q9Z185
Padi2	Q08642
Padi4	Q9Z183
Padi6	Q8K3V4
Paf1	Q8K2T8
Serpinb2	P12388
Paip1	Q8VE62
Pak2	Q8CIN4
Palld	Q9ET54
Palm	Q9Z0P4
Pank2	Q7M753
Pank4	Q80YV4
Paox	Q8C0L6
Papss1	Q60967
Parg	O88622
Park7	Q99LX0
Parp3	Q3ULW8
Parp4	E9PYK3
Parp9	Q8CAS9
Parva	Q9EPC1
Pate14	Q3UN54
Pate4	Q09098
Pawr	Q925B0
Pbsn	O08976
Pbdc1	Q9D0B6
Pbx1	P41778
Pcp4l1	Q6W8Q3
Pcbp1	P60335
Pcbp2	Q61990
Pclo	Q9QYX7
Pcna	P17918
Pcnp	Q6P8I4
Pcolce	Q61398
Pcp4	P63054
Prcp	Q7TMR0
Pcnx4	Q3UVY5
Pcyt1a	P49586
Pcyt2	Q922E4
Pdcd10	Q8VE70
Pdcd6ip	Q9WU78
Pdcd4	Q61823
Pdcd5	P56812
Pdcd6	P12815
Pdcl3	Q8BVF2
Pde5a	Q8CG03
P4hb	P09103
Pdia3	P27773
Pdia4	P08003
Pdlim1	O70400
Pdlim3	O70209
Pdlim4	P70271
Pdlim5	Q8CI51
Pdlim7	Q3TJD7
Pds5a	Q6A026
Pdxk	Q8K183
Pea15	Q62048
Cbfb	Q08024
Pebp1	P70296
Pebp4	Q9D9G2
Serpinf1	P97298
Peg10	Q7TN75
Pelo	Q80X73
Penk	P22005
Pepd	Q11136
Npepl1	Q6NSR8
Ppl	Q9R269
Epx	P49290
Lpo	Q5SW46
Mpo	P11247
Pex19	Q8VCI5
Pfdn2	O70591
Vbp1	P61759
Pfdn5	Q9WU28
Pfkl	P12382
Pfkm	P47857
Pfkp	Q9WUA3
Pgam1	Q9DBJ1
Pgam2	O70250
Hpgd	Q8VCC1
Pgghg	Q8BP56
Pgk1	P09411
Pgk2	P09041
Pgm1	Q9D0F9
Pgm2l1	Q8CAA7
Pgm2	Q7TSV4
Pgm5	Q8BZF8
Pgp	Q8CHP8
Pgrmc1	O55022
Pgrmc2	Q80UU9
Pglyrp1	O88593
Pglyrp2	Q8VCS0
Bgn	P28653
Dcn	P28654
Rabggta	Q9JHK4
Pggt1b	Q8BUY9
Phf11	A6H5X4
Phf5a	P83870
Phpt1	Q9DAK9
Pcbd1	P61458
Pi16	Q9ET66
Pik3r4	Q8VD65
Pip4k2a	O70172
Pip4k2c	Q91XU3
Picalm	Q7M6Y3
Pigb	Q9JJQ0
Pigr	O70570
Pin1	Q9QUR7
Pin4	Q9CWW6
Psme3ip1	Q91WE2
Pitpna	P53810
Pitpnb	P53811
Pierce1	Q5BN45
Pir	Q9D711
Pithd1	Q8BWR2
Pja2	Q80U04
Pik3c3	Q6PF93
Pik3ca	P42337
Pik3cb	Q8BTI9
Plekho2	Q8K124
Plekhs1	Q8BW88
Pkn1	P70268
Pkp1	P97350
Pkp3	Q9QY23
Plac8	Q9JI48
Jup	Q02257
Plaa	P27612
Plbd2	Q3TCN2
Plcb3	P51432
Plcd1	Q8R3B1
Plcg1	Q62077
Plcg2	Q8CIH5
Pld4	Q8BG07
Plec	Q9QXS1
Plek	Q9JHK5
Plet1	Q8VEN2
Poglut3	G5E897
Plin3	Q9DBG5
Plk2	P53351
Plg	P20918
Plod2	Q9R0B9
Plp2	Q9R1Q7
Plpbp	Q9Z2Y8
Plrg1	Q922V4
Lcp1	Q61233
Pls3	Q99K51
Pltp	P55065
Bpgm	P15327
Pmm2	Q9Z2M7
Naprt	Q8CC86
Pnkp	Q9JLV6
Pnpo	Q91XF0
Podxl	Q9R0M4
Pon1	P52430
Pon3	Q62087
Postn	Q62009
Ppp1r12c	Q3UMT1
Ppp1r14b	Q62084
Ppp1ca	P62137
Ppp1cb	P62141
Ppp1cc	P63087
Ppp1r7	Q3UM45
Ppp1r8	Q8R3G1
Ppp2cb	P62715
Ppp3ca	P63328
Ppp4c	P97470
Ppp4r2	Q0VGB7
Ppp6r1	Q7TSI3
Ppp6r3	Q922D4
Acp5	Q05117
Acp1	Q9D358
Alpl	P09242
Prep	Q9QUR6
Ppcs	Q8VDG5
Ppia	P17742
Ppib	P24369
Ppic	P30412
Ppid	Q9CR16
Ppil1	Q9D0W5
Ppil2	Q9D787
Ppil4	Q9CXG3
Ppm1a	P49443
Ppm1f	Q8CGA0
Ppm1g	Q61074
Ppme1	Q8BVQ5
Papln	Q9EPX2
Ppp5c	Q60676
Ppp6c	Q9CQR6
Ppp1r1b	Q60829
Ppp1r21	Q3TDD9
Ppwd1	Q8CEC6
Prpf38b	Q80SY5
Praf2	Q9JIG8
Arl6ip5	Q8R5J9
Prap1	Q80XD8
Prrc2c	Q3TLH4
Prdx1	P35700
Prdx2	Q61171
Prdx3	P20108
Prdx4	O08807
Prdx5	P99029
Prelp	Q9JK53
Pitrm1	Q8K411
Prg2	Q61878
Pgr	Q00175
Prkra	Q9WTX2
Proc	P33587
Pfn1	P62962
Pfn2	Q9JJV2
Pfn3	Q9DAD6
Prom1	O54990
Cfp	P11680
Pros1	Q08761
Proz	Q9CQW3
Prpf19	Q99KP6
Prpf31	Q8CCF0
Prpf6	Q91YR7
Prpf8	Q99PV0
Prps2	Q9CS42
Prr15	Q9D1T5
Prrc1	Q3UPH1
Psmc6	P62334
Psmc1	P62192
Prss52	Q9D9M0
Psmc3	O88685
Psmc4	P54775
Psmc2	P46471
Psmc5	P62196
Prune1	Q8BIW1
Pvalb	P32848
Prorsd1	Q9D820
Psma1	Q9R1P4
Psma2	P49722
Psma3	O70435
Psma4	Q9R1P0
Psma5	Q9Z2U1
Psma6	Q9QUM9
Psma7	Q9Z2U0
Npepps	Q11011
Psmb10	O35955
Psmb1	O09061
Psmb2	Q9R1P3
Psmb3	Q9R1P1
Psmb4	P99026
Psmb5	O55234
Psmb6	Q60692
Psmb7	P70195
Psmb8	P28063
Psmd10	Q9Z2X2
Psmd11	Q8BG32
Psmd12	Q9D8W5
Psmd13	Q9WVJ2
Psmd14	O35593
Psip1	Q99JF8
Psmd1	Q3TXS7
Psmd2	Q8VDM4
Psmd3	P14685
Psmd4	O35226
Psmd5	Q8BJY1
Psmd6	Q99JI4
Psmd7	P26516
Psmd8	Q9CX56
Psmd9	Q9CR00
Psme1	P97371
Psme2	P97372
Psme3	P61290
Psmf1	Q8BHL8
Psmg1	Q9JK23
Psmg2	Q9EST4
Psmg3	Q9CZH3
Pspc1	Q8R326
Ptbp3	Q8BHD7
Ptcd1	Q8C2E4
Pten	O08586
Pter	Q60866
Ptgds	O09114
Ptgr1	Q91YR9
Ptgr2	Q8VDQ1
Ptk7	Q8BKG3
Ptma	P26350
Ptms	Q9D0J8
Ptpn11	P35235
Ptpn12	P35831
Ptpn13	Q64512
Ptpn23	Q6PB44
Ptpn2	Q06180
Ptpn6	P29351
Ptpa	P58389
Pts	Q9R1Z7
Ptrhd1	D3Z4S3
Ptx3	P48759
Puf60	Q3UEB3
Pum1	Q80U78
Ppat	Q8CIH9
Gart	Q64737
Pfas	Q5SUR0
Paics	Q9DCL9
Adsl	P54822
Atic	Q9CWJ9
Adss1	P28650
Adss2	P46664
Pura	P42669
Purb	O35295
Plxdc2	Q9DC11
Pxdn	Q3UQ28
Pxk	Q8BX57
Prxl2a	Q9CYH2
Pc	Q05920
Pygb	Q8CI94
Pygl	Q9ET01
Pygm	Q9WUB3
Pym1	Q8CHP5
Cad	B2RQC6
Ctps1	P70698
Ctps2	P70303
Pzp	Q61838
QNG1	G3X8U3
Cryz	P47199
Qsox1	Q8BND5
Rab10	P61027
Rab14	Q91V41
Rab18	P35293
Rab1A	P62821
Rab1b	Q9D1G1
Rab21	P35282
Rab25	Q9WTL2
Rab2a	P53994
Rab32	Q9CZE3
Rab4a	P56371
Rab4b	Q91ZR1
Rab5a	Q9CQD1
Rab5b	P61021
Rab5c	P35278
Rab6a	P35279
Rab7a	P51150
Rab8a	P55258
Rab8b	P61028
Rabep1	O35551
Rabep2	Q91WG2
Crabp2	P22935
Rac1	P63001
Rac2	Q05144
Rac3	P60764
Rack1	P68040
Rad21	Q61550
Rdx	P26043
Rangap1	P46061
Rasip1	Q3U0S6
Ralb	Q9JIW9
Raly	Q64012
Ramac	Q9CQY2
Ranbp3	Q9CT10
Ranbp1	P34022
Ran	P62827
Rap1a	P62835
Rap1b	Q99JI6
Rassf2	Q8BMS9
Nras	P08556
Rab11b	P46638
Rab22a	P35285
Rbbp4	Q60972
Rbbp7	Q60973
Rbbp9	O88851
Rabgap1	A2AWA9
Rabl2	E9Q9D5
Rbm12	Q8R4X3
Rbm25	B2RY56
Rbm26	Q6NZN0
Rbm39	Q8VH51
Rbm8a	Q9CWZ3
Ralbp1	Q62172
Ranbp2	Q9ERU9
Rbx1	P62878
Rnf7	Q9WTZ1
Rcc2	Q8BK67
Rcn1	Q05186
Rcn2	Q8BP92
Rcn3	Q8BH97
Rad23a	P54726
Rad23b	P54728
Rem1	O35929
Renbp	P82343
Ren1	P06281
Upf1	Q9EPU0
Upf2	A2AT37
Reps1	O54916
Rbp1	Q00915
Retnlg	Q8K426
Rev3l	Q61493
Rpa1	Q8VEE4
Rpa3	Q9CQ71
Rgl3	Q3UYI5
Rgs10	Q9CQE5
Rheb	Q921J2
Arhgap1	Q5FWK3
Arhgap17	Q3UIA2
Arhgap18	Q8K0Q5
Arhgap11a	Q80Y19
Rhoa	Q9QUI0
Rhoc	Q62159
Rhog	P84096
Rhpn2	Q8BWR8
Rida	P52760
Rfk	Q8CFV9
Rigi	Q6Q899
Rimoc1	Q8BR90
Rnh1	Q91VI7
Riok1	Q922Q2
Riox2	Q8CD15
Ripk1	Q60855
Ripk3	Q9QZL0
Rilpl1	Q9JJC6
Rpl10	Q6ZWV3
Rpl12	P35979
Rpl13a	P19253
Rpl13	P47963
Rpl14	Q9CR57
Rpl15	Q9CZM2
Rpl17	Q9CPR4
Rpl18a	P62717
Rpl18	P35980
Rpl19	P84099
Rpl21	O09167
Rpl22l1	Q9D7S7
Rpl22	P67984
Rpl23a	P62751
Rpl23	P62830
Rpl24	Q8BP67
Rpl26	P61255
Rpl27a	P14115
Rpl27	P61358
Rpl28	P41105
Rpl30	P62889
Rpl31	P62900
Rpl32	P62911
Rpl34	Q9D1R9
Rpl35a	O55142
Rpl35	Q6ZWV7
Rpl37a	P61514
Rpl38	Q9JJI8
Rpl39	P62892
Rpl3	P27659
Rpl4	Q9D8E6
Rpl5	P47962
Rpl6	P47911
Rpl7a	P12970
Rpl7	P14148
Rpl8	P62918
Rplp0	P14869
Rplp2	P99027
Mrpl18	Q9CQL5
Rbmxl1	Q91VM5
Rnf114	Q9ET26
Rnf213	E9Q555
Rnf214	Q8BFU3
Rnase1	P00683
Rnase9	P60154
Rnf14	Q9JI90
Rnf31	Q924T7
Rnf32	Q9JIT1
Rnaseh2b	Q80ZV0
Rnaset2a	C0HKG5
RO60	O08848
Hnrnpa0	Q9CX86
Hnrnpa1	P49312
Hnrnpa2b1	O88569
Hnrnpa3	Q8BG05
Hnrnpab	Q99020
Polr1a	O35134
Polr2e	Q80UW8
Polr2h	Q923G2
Rpap1	Q80TE0
Rpap3	Q9D706
Polr2b	Q8CFI7
Rpe	Q8VEE0
Rpia	P47968
Rpn1	Q91YQ5
Rpn2	Q9DBG6
Rprd1b	Q9CSU0
Rragd	Q7TT45
Rras2	P62071
Rrbp1	Q99PL5
Rrp12	Q6P5B0
Dis3	Q9CSH3
Rps10	P63325
Rps11	P62281
Rps13	P62301
Rps14	P62264
Rps15	P62843
Rps16	P14131
Rps17	P63276
Rps18	P62270
Rps20	P60867
Rps21	Q9CQR2
Rps23	P62267
Rps24	P62849
Rps25	P62852
Rps26	P62855
Rps27a	P62983
Rps27l	Q6ZWY3
Rps27	Q6ZWU9
Rps28	P62858
Rps29	P62274
Rps2	P25444
Fau	P62862
Rps3a	P97351
Rps3	P62908
Rps4x	P62702
Rps5	P97461
Rps6	P62754
Rps7	P62082
Rps8	P62242
Rps9	Q6ZWN5
Rsph4a	Q8BYM7
Snrpb	P27048
Rsph9	Q9D9V4
Rpsa	P14206
Rsu1	Q01730
Mrps34	Q9JIK9
RtcA	Q9D7H3
Rtcb	Q99LF4
Rtf1	A2AQ19
Rtf2	Q99K95
Rtn1	Q8K0T0
Rtn3	Q9ES97
Rtn4	Q99P72
RTRAF	Q9CQE8
Snrnp70	Q62376
Snrpc	Q62241
Snrpa1	P57784
Snrpb2	Q9CQI7
Rufy1	Q8BIJ7
Ruvbl1	P60122
Ruvbl2	Q9WTM5
Snrpe	P62305
Snrpf	P62307
Snrpg	P62309
S100g	P97816
S100a4	P07091
S100a6	P14069
S100a8	P27005
S100a9	P31725
S100a10	P08207
S100a13	P97352
S100a16	Q9D708
Sec23ip	Q6NZC7
Slc39a4	Q78IQ7
Slc39a7	Q31125
Slc6a14	Q9JMA9
Saa4	P31532
Saal1	Q9D2C2
Spaca3	Q9D9X8
Sae1	Q9R1T2
Uba2	Q9Z1F9
Safb2	Q80YR5
Ahcyl1	Q80SW1
Ahcyl2	Q68FL4
Ahcy	P50247
Samd9l	Q69Z37
Samhd1	Q60710
Apcs	P12246
Gm2a	Q60648
Sar1b	Q9CQC9
Sarnp	Q9D1J3
Sart3	Q9JLI8
Sbds	P70122
Selenbp1	P17563
Sbspon	Q3UPR9
Sec16a	E9QAT4
Sec22b	O08547
Sec23a	Q01405
Sec23b	Q9D662
Sec31a	Q3UPL0
Sec61b	Q9CQS8
Scamp2	Q9ERN0
Scamp3	O35609
Scfd1	Q8BRF7
Scly	Q9JLI6
Scn11a	Q9R053
Oxct2b	Q9ESL0
Oxct1	Q9D0K2
Scp2	P32020
Scrib	Q80U72
Scrn1	Q9CZC8
Scrn2	Q8VCA8
Scrn3	Q3TMH2
Sdc4	O35988
Sdcbp	O08992
Sde2	Q8K1J5
Sdf2l1	Q9ESP1
Sec13	Q9D1M0
Sec62	Q8BU14
Seh1l	Q8R2U0
Eefsec	Q9JHW4
Septin10	Q8C650
Septin11	Q8C1B7
Selenop	P70274
Septin2	P42208
Septin6	Q9R1T4
Septin7	O55131
Septin8	Q8CHH9
Septin9	Q80UG5
Phgdh	Q61753
Serbp1	Q9CY58
Psph	Q99LS3
Psat1	Q99K85
Serpinh1	P19324
Sestd1	Q80UK0
Setd7	Q8VHL1
Set	Q9EQU5
Sf1	Q64213
Sf3a1	Q8K4Z5
Sf3a2	Q62203
Sf3a3	Q9D554
Sf3b1	Q99NB9
Sf3b3	Q921M3
Sf3b5	Q923D4
Sfpq	Q8VIJ6
Sfr1	Q8BP27
Sftpd	P50404
Sugt1	Q9CX34
Sgta	Q8BJU0
Sh3d19	Q91X43
Sh3gl1	Q62419
Sh3kbp1	Q8R550
Sh3bgrl	Q9JJU8
Sh3bgrl3	Q91VW3
Shc1	P98083
Shfl	Q8CAK3
Inpp5d	Q9ES52
Shtn1	Q8K2Q9
Sipa1l1	Q8C0T5
Nans	Q99J77
Skic8	Q9ERF3
Skp1	Q9WTX5
Skt	A2AQ25
Slk	O54988
Slu7	Q8BHJ9
Smad4	P97471
Smap1	Q91VZ6
Smap	Q9R0P4
Smc1a	Q9CU62
Smc3	Q9CW03
Smc4	Q8CG47
Smarce1	O54941
Snrpd1	P62315
Snrpd2	P62317
Snrpd3	P62320
Smg1	Q8BKX6
Smoc1	Q8BLY1
Smarcc1	P97496
Smarcc2	Q6PDG5
Smarcd2	Q99JR8
Smtn	Q921U8
Smu1	Q3UKJ7
Smug1	Q6P5C5
Smyd5	Q3TYX3
Napa	Q9DB05
Snd1	Q78PY7
Smarcb1	Q9Z0H3
Snap23	O09044
Snapc4	Q8BP86
Snrnp40	Q6PE01
Snrpa	Q62189
Snx17	Q8BVL3
Snx18	Q91ZR2
Snx27	Q3UHD6
Snx2	Q9CWK8
Snx3	O70492
Snx4	Q91YJ2
Snx5	Q9D8U8
Snx6	Q6P8X1
Snx7	Q9CY18
Snx9	Q91VH2
Sod1	P08228
Sod3	O09164
Sod2	P09671
Sri	Q6P069
Sort1	Q6PHU5
Sox17	Q61473
Supt16h	Q920B9
Spa17	Q62252
Sp3	O70494
Serpina3c	P29621
Serpina3m	Q03734
Spag1	Q80ZX8
Serpinb5	P70124
Serpinb6	Q60854
Serpinb8	O08800
Sbp	P15501
Spcs2	Q9CYN2
Spcs3	Q6ZWQ7
Srm	Q64674
Spesp1	Q9D5A0
Rbm17	Q8JZX4
Sphk2	Q9JIA7
Spinkl	Q8CEK3
Spin1	Q61142
Spint4	Q9D263
Snupn	Q80W37
Nckipsd	Q9ESJ4
Spon1	Q8VCC9
Sprr1a	Q62266
Sprr2d	O70555
Sprr2f	O70557
Sparcl1	P70663
Sephs1	Q8BH69
Sephs2	P97364
Spata16	Q8C636
Spata45	Q9CVW4
Supt4h1a	P63271
Supt5h	O55201
Sptbn1	Q62261
Sptan1	P16546
Sqstm1	Q64337
U2surp	Q6NV83
Cttn	Q60598
Src	P05480
Srp9	P49962
Srp14	P16254
Srp68	Q8BMA6
Srrm1	Q52KI8
Srrm2	Q8BTI8
Srrt	Q99MR6
Srsf10	Q9R0U0
Srsf1	Q6PDM2
Srsf2	Q62093
Srsf3	P84104
Srsf5	O35326
Srsf6	Q3TWW8
Srsf7	Q8BL97
Srsf9	Q9D0B0
Ssrp1	Q08943
Ssu72	Q9CY97
Sult1d1	Q3UZZ6
Stk38l	Q7TSE6
Stard10	Q9JMD3
Stat5a	P42230
Stat5b	P42232
Stambp	Q9CQ26
Stag2	O35638
Stam2	O88811
Stard5	Q9EPQ7
Stat3	P42227
Stc1	O55183
Stc2	O88452
Stip1	Q60864
Stk10	O55098
Stk24	Q99KH8
Stk26	Q99JT2
Stk39	Q9Z1W9
Stk4	Q9JI11
Stom	P54116
Ston1	Q8CDJ8
Strap	Q9Z1Z2
Strn3	Q9ERG2
Stt3a	P46978
Stx12	Q9ER00
Stxbp1	O08599
Stxbp2	Q64324
Suclg1	Q9WUM5
Sumo1	P63166
Sumo2	P61957
Surf2	P09926
Svs4	P18419
Svs5	P30933
Swap70	Q6A028
Aars1	Q8BGQ7
Syap1	Q9D5V6
Cars1	Q9ER72
Dars1	Q922B2
Eprs1	Q8CGC7
Farsa	Q8C0C7
Farsb	Q9WUA2
Iars1	Q8BU30
Iars2	Q8BIJ6
Kars1	Q99MN1
Lars1	Q8BMJ2
Mars1	Q68FL6
NARS1	Q8BP47
Syne2	Q6ZWQ0
Synm	Q70IV5
Sypl1	O09117
Qars1	Q8BML9
Rars1	Q9D0I9
Sars1	P26638
Syt5	Q9R0N5
Tars1	Q9D0R2
Sncg	Q9Z0F7
Vars1	Q9Z1Q9
Wars1	P32921
Yars1	Q91WQ3
Gtf2e2	Q9D902
Gtf2f1	Q3THK3
Gtf2f2	Q8R0A0
L3hypdh	Q9CXA2
Tab1	Q8CF89
Tardbp	Q921F2
Tagln2	Q9WVA4
Tagln	P37804
Taldo1	Q93092
Taok1	Q5F2E8
Taok3	Q8BYC6
Triobp	Q99KW3
Tbc1d10b	Q8BHL3
Tnks1bp1	P58871
Tuba1b	P05213
Tuba1c	P68373
Tuba8	Q9JJZ2
Tubb2a	Q7TMM9
Tubb4b	P68372
Tubb5	P99024
Tubb6	Q922F4
Tbc1d13	Q8R3D1
Tbc1d15	Q9CXF4
Tbc1d17	Q8BYH7
Tbc1d9b	Q5SVR0
Tbca	P48428
Tbcb	Q9D1E6
Tbcc	Q8VCN9
Tbc1d1	Q60949
Tbcd	Q8BYA0
Tbcel	Q8C5W3
Tbce	Q8CIV8
Tbc1d2b	Q3U0J8
Tbl1x	Q9QXE7
Tcaf2	Q921K8
Tcaf3	Q6QR59
Tceal3	Q8R0A5
Tceal5	Q8CCT4
Tcea1	P10711
Tcn2	O88968
Tcof1	O08784
Sub1	P11031
Tcp1	P11983
Cct2	P80314
Cct4	P80315
Cct5	P80316
Cct3	P80318
Cct7	P80313
Cct8	P42932
Cct6a	P80317
Tcerg1	Q8CGF7
Tpt1	P63028
Tceanc2	Q8R2M0
Vcp	Q01853
Tex15	F8VPN2
Gtf2b	P62915
Gtf3c5	Q8R2T8
Rela	Q04207
Tfrc	Q62351
F3	P20352
Tgfb1i1	Q62219
Tgm1	Q9JLF6
Tgm2	P21981
Tgm3	Q08189
Tgoln1	Q62313
Tgtp2	Q3T9E4
Qtrt1	Q9JMA2
Thap4	Q6P3Z3
Acat2	Q8CAY6
Acat1	Q8QZT1
Acaa2	Q8BWT1
Txn	P10639
Thnsl2	Q80W22
Alyref	O08583
Thoc7	Q7TMY4
Thop1	Q8C1A5
F2	P19221
Mpst	Q99J99
Thtpa	Q8JZL3
Thumpd1	Q99J36
Thyn1	Q91YJ3
Trim28	Q62318
Tigar	Q8BZA9
Timm13	P62075
Timp1	P12032
Tiprl	Q8BH58
Nudt16l1	Q8VHN8
Ttn	A2ASS6
Tkfc	Q8VC30
Tkt	P40142
Tle5	P63002
Tlk1	Q8C0V0
Tln1	P26039
Tlr9	Q9EQU3
Tma7	Q8K003
Tmed3	Q78IS1
Tmed4	Q8R1V4
Tmed10	Q9D1D4
Tmem43	Q9DBS1
Tmod3	Q9JHJ0
Tnpo1	Q8BFY9
Tnpo3	Q6P2B1
Tollip	Q9QZ06
Tomm34	Q9CYG7
Top1	Q04750
Topaz1	E5FYH1
Ptp4a2	O70274
Tp53bp1	P70399
Tnfaip8l3	Q3TBL6
Plat	P11214
Tpbg	Q9Z0L0
Tpd52l1	O54818
Tpi1	P17751
Tpk1	Q9R0M5
Tpm4	Q6IRU2
Tpmt	O55060
Tpp1	O89023
Tpp2	Q64514
Trappc3	O55013
Tppp3	Q9CRB6
Tppp	Q7TQD2
Trmt112	Q9DCG9
Thrap3	Q569Z6
Tra2a	Q6PFR5
Tra2b	P62996
Tradd	Q3U0V2
Tf	Q921I1
Ltf	P08071
Trim16	Q99PP9
Trim25	Q61510
Trim47	Q8C0E3
Trim65	Q8BFW4
Trmt5	Q9D0C4
Mettl1	Q9Z120
Trnt1	Q8K1J6
Trpc1	Q61056
Txnrd1	Q9JMH6
Txnrd3	Q99MD6
Tsg101	Q61187
Tspan8	Q8R3G9
Tsnax	Q9QZE7
Tsn	Q62348
Thbs1	P35441
Tsr2	Q8C8T8
Ttc21a	Q8C0S4
Ttc39a	A2ACP1
Ttc38	A3KMP2
Ttc9	Q3V038
Ttr	P07309
Ttll12	Q3UDE2
Ttl	P38585
Twf1	Q91YR1
Twf2	Q9Z0P5
Tex101	Q9JMI7
Tax1bp3	Q9DBG9
Txndc12	Q9CQU0
Txndc17	Q9CQM5
Txlna	Q6PAM1
Tmsb10	Q6ZWY8
Tmsb4x	P20065
Yy1	Q00899
Unc119	Q9Z2R6
U2af1	Q9D883
U2af2	P26369
Snrnp200	Q6P4T2
Uap1l1	Q3TW96
Uap1	Q91YN5
Ube2d3	P61079
Ube2e2	Q91W82
Ube2g1	P62254
Ube2l6	Q9QZU9
Ube2q1	Q7TSS2
Ube2r2	Q6ZWZ2
Uba1	Q02053
Uba3	Q8C878
Uba5	Q8VE47
Uba6	Q8C7R4
Ubap2	Q91VX2
Ube2m	P61082
Ube2i	P63280
Ublcp1	Q8BGR9
Ube2b	P63147
Ube2h	P62257
Ube2k	P61087
Ube2n	P61089
Ube2o	Q6ZPJ3
Ube2z	Q3UE37
Ube3a	O08759
Ube4b	Q9ES00
Ubfd1	Q78JW9
Ubl4a	P21126
Usp10	P52479
Usp15	Q8R5H1
Usp19	Q3UJD6
Ubap2l	Q80X50
Usp47	Q8BY87
Usp4	P35123
Usp5	P56399
Usp8	Q80U87
Ubqln1	Q8R317
Ubqln2	Q9QZM0
Ubqln4	Q99NB8
Ubr2	Q6WKZ8
Ubr4	A2AN08
Ubr7	Q8BU04
Ubxn7	Q6P5G6
Uchl1	Q9R0P9
Uchl3	Q9JKB1
Uchl5	Q9WUP7
Uck1	P52623
Uck2	Q99PM9
Ugt1a7	Q6ZQM8
Uevld	Q3U1V6
Ufc1	Q9CR09
Ufd1	P70362
Ufm1	P61961
Ugdh	O70475
Uggt1	Q6P5E4
Ugp2	Q91ZJ5
Nae1	Q8VBW6
Umps	P13439
Uprt	B1AVZ0
Uox	P25688
Plau	P06869
Fermt3	Q8K1B8
Uso1	Q9Z1Z0
Usp9x	P70398
Slc14a1	Q8VHL0
Atp6v0d1	P51863
Vamp3	P63024
Vapa	Q9WV55
Vapb	Q9QY76
Atp6ap1	Q9R1Q9
Vasp	P70460
Vat1	Q62465
Atp6v1a	P50516
Atp6v1b2	P62814
Atp6v1c1	Q9Z1G3
Atp6v1d	P57746
Atp6v1e1	P50518
Atp6v1f	Q9D1K2
Atp6v1g1	Q9CR51
Atp6v1h	Q8BVE3
Atp6v0c	P63082
Vav2	Q60992
Vcpip1	Q8CDG3
Vdac1	Q60932
Hdlbp	Q8VDJ3
Vim	P20152
Vcl	Q64727
Vwa5a	Q99KC8
Vmac	Q8BP01
Vps13c	Q8BX70
Vps26a	P40336
Vps26b	Q8C0E2
Vps37c	Q8R105
Vps16	Q920Q4
Vps18	Q8R307
Vps25	Q9CQ80
Vps28	Q9D1C8
Vps29	Q9QZ88
Vps35	Q9EQH3
Vps36	Q91XD6
Vps4a	Q8VEJ9
Vps4b	P46467
Vps51	Q3UVL4
Vta1	Q9CR26
Gc	P21614
Vti1b	O88384
Vtn	P29788
Wac	Q924H7
Washc4	Q3UMB9
Washc5	Q8C2E7
Wasf2	Q8BH43
Washc1	Q8VDD8
Was	P70315
Wbp2	P97765
Wdr11	Q8K1X1
Wdr13	Q91V09
Wdr1	O88342
Wdr37	Q8CBE3
Wdr4	Q9EP82
Wdr5	P61965
Wdr64	Q9D565
Wdr6	Q99ME2
Wdr82	Q8BFQ4
Wfdc2	Q9DAU7
Wipf2	Q6PEV3
Wipi1	Q8R3E3
Wnk1	P83741
Wnt6	P22727
Xdh	Q00519
Xpo1	Q6P5F9
Cse1l	Q9ERK4
Xpo5	Q924C1
Xpo7	Q9EPK7
Xpot	Q9CRT8
Xrcc1	Q60596
Xrcc5	P27641
Xrcc6	P23475
Xrn2	Q9DBR1
Xylb	Q3TNA1
Ybx1	P62960
Ybx3	Q9JKB3
Yes1	Q04736
Ykt6	Q9CQW1
Ythdc1	E9Q5K9
Ythdf2	Q91YT7
Azgp1	Q64726
Zbp1	Q9QY24
Zc3h11a	Q6NZF1
Zc3h15	Q3TIV5
Zc3h18	Q0P678
Zfand6	Q9DCH6
Zfp64	Q99KE8
Zfp91	Q62511
Zfyve16	Q80U44
Znf207	Q9JMD0
Znf329	Q6GQR8
Rchy1	Q9CR50
Znf428	Q8C1M2
Znf622	Q91VY9
Znf672	Q99LH4
Znf706	Q9D115
Zng1	Q8VEH6
Znrd2	P56873
Tjp1	P39447
Tjp2	Q9Z0U1
Zp1	Q62005
Zp2	P20239
Zp3	P10761
Zpbp	Q62522
Serpina10	Q8R121
Zpr1	Q62384
Zyx	Q62523